{"accessibilityPrompt":true,"alwaysOnTop":false,"arch":"x64","asar":false,"blockExternalUrls":false,"bounce":false,"buildDate":1693124199276,"clearCache":false,"counter":false,"darwinDarkModeSupport":false,"disableContextMenu":false,"disableDevTools":false,"disableGpu":false,"disableOldBuildWarning":false,"electronVersionUsed":"19.1.4","enableEs3Apis":false,"fastQuit":false,"fullScreen":false,"height":800,"hideWindowFrame":false,"ignoreCertificate":false,"ignoreGpuBlacklist":false,"insecure":false,"isUpgrade":false,"maximize":false,"name":"Minecraft HMCL","nativefierVersion":"50.1.1","portable":false,"quiet":false,"showMenuBar":false,"singleInstance":false,"strictInternalUrls":false,"targetUrl":"https://xiaoshukeji.ltd/HMCL","tray":"false","userAgentHonest":false,"width":1280,"widevine":false,"win32metadata":{},"zoom":1,"oldBuildWarningText":""}